Behavior,Subject,Behavior Type,Behavior Group,Code,Group Code,Child Positive / Neutral / Negative,,,,,,,,,,Type,Code
v unclear,Mother,Verbal,?,, ,,,,,,,,,,,Verbal,1
child positive affect,Child,Physical,Affect,1,1,1,,,,,,,,,,Physical,2
child negative affect,Child,Physical,Affect,2,1,-1,,,,,,,,,,,
p affection expression,Mother,Physical,Affection,3,2,,,,,,,,,,,Group,Code
v affection,Mother,Verbal,Affection,4,2,,,,,,,,,,,Affect,1
child alert,Child,Physical,Alertness,5,3,1,,,,,,,,,,Affection,2
child tired,Child,Physical,Alertness,6,3,-1,,,,,,,,,,Alertness,3
p modeling,Mother,Physical,Autonomy Support,7,4,,,,,,,,,,,Autonomy Support,4
p motivational arrousal,Mother,Physical,Autonomy Support,8,4,,,,,,,,,,,Compliance,5
v perspective/mirroring,Mother,Verbal,Autonomy Support,9,4,,,,,,,,,,,Concern,6
v choice,Mother,Verbal,Autonomy Support,10,4,,,,,,,,,,,Construction,7
v rational,Mother,Verbal,Autonomy Support,11,4,,,,,,,,,,,Control,8
v motivation arousal,Mother,Verbal,Autonomy Support,12,4,,,,,,,,,,,Feedback,9
v action oriented feedback,Mother,Verbal,Autonomy Support,13,4,,,,,,,,,,,Hostility,10
v modeling,Mother,Verbal,Autonomy Support,14,4,,,,,,,,,,,Inadequate boundaries setting,11
child neutral affect,Child,Affect,Affect,15,1,0,,,,,,,,,,Independent clean up,12
cleanup not requested,Child,Physical,Compliance,16,5,0,,,,,,,,,,Yes Compliance,13
no compliance - Refusal,Child,Physical,Compliance,17,5,-2,,,,,,,,,,,
no compliance - Defiance,Child,Physical,Compliance,18,5,-3,,,,,,,,,,Modifier,Code
no compliance - Passive,Child,Physical,Compliance,19,5,-1,,,,,,,,,,Mother Positive Tone,1
yes compliance,Child,Physical,Yes Compliance,20,13,1,,,,,,,,,,Mother Negative Tone,-1
unclear compiance,Child,Physical,Compliance,21,5,0,,,,,,,,,,Control,10
p concern exp,Mother,Physical,Concern,22,6,,,,,,,,,,,,
v concern,Mother,Verbal,Concern,23,6,,,,,,,,,,,,
p touching toys for cleanup,Mother,Physical,Construction,24,7,,,,,,,,,,,,
p signal const,Mother,Physical,Construction,25,7,,,,,,,,,,,,
p gentle touch for clean up,Mother,Physical,Construction,26,7,,,,,,,,,,,,
v direct concrete inst,Mother,Verbal,Construction,27,7,,,,,,,,,,,,
v small mission steps,Mother,Verbal,Construction,28,7,,,,,,,,,,,,
v signal const,Mother,Verbal,Construction,29,7,,,,,,,,,,,,
p mother cleanup,Mother,Physical,Control,30,8,,,,,,,,,,,,
p forceful touch for cleanup,Mother,Physical,Control,31,8,,,,,,,,,,,,
v inadequate perspective/invalidation,Mother,Verbal,Control,32,8,,,,,,,,,,,,
v glorificaion feedback,Mother,Verbal,Control,33,8,,,,,,,,,,,,
v negative cr,Mother,Verbal,Control,34,8,,,,,,,,,,,,
v threat punishment,Mother,Verbal,Control,35,8,,,,,,,,,,,,
v material reward,Mother,Verbal,Control,36,8,,,,,,,,,,,,
v negative feedback,Mother,Verbal,Control,37,8,,,,,,,,,,,,
p positive feedback,Mother,Physical,Feedback,38,9,,,,,,,,,,,,
v positive feedback,Mother,Verbal,Feedback,39,9,,,,,,,,,,,,
v hostility,Mother,Verbal,Hostility,40,10,,,,,,,,,,,,
no inadequate boundaries setting,Mother,Verbal,Inadequate boundaries setting,41,11,,,,,,,,,,,,
indecisive expectations setting,Mother,Verbal,Inadequate boundaries setting,42,11,,,,,,,,,,,,
legitimazinig expectation violation,Mother,Verbal,Inadequate boundaries setting,43,11,,,,,,,,,,,,
no child independent clean up,Child,Physical,Independent clean up,44,12,0,,,,,,,,,,,
yes child independent clean up,Child,Physical,Independent clean up,45,12,1,,,,,,,,,,,
mother positive affect,Mother,Affect,Affect,46,1,,,,,,,,,,,,
